INSERT INTO m_address (id, street, n_house, n_flat, is_pizza, n_floor, n_porch) VALUES (1, 'Mickevicha', '30', 15, true, 3, 2);
INSERT INTO m_price (id, price) VALUES (3, 15);
INSERT INTO m_price (id, price) VALUES (4, 2.5);
INSERT INTO m_price (id, price) VALUES (2, 10);
INSERT INTO m_price (id, price) VALUES (1, 5);
INSERT INTO m_dough_type (id, type, price_id) VALUES (1, 'Тонкое', 1);
INSERT INTO m_dough_type (id, type, price_id) VALUES (2, 'Пышное', 2);
INSERT INTO m_dough_type (id, type, price_id) VALUES (3, 'Сырный борт', 3);
INSERT INTO m_size (id, size, price_id) VALUES (3, 36, 3);
INSERT INTO m_size (id, size, price_id) VALUES (1, 22, 1);
INSERT INTO m_size (id, size, price_id) VALUES (2, 28, 2);
INSERT INTO m_goods (id, name, price_id, weight, size_id, dough_id, " ingredients", ingredients) VALUES (1, 'Сырная', 1, 0.5, 1, 1, '', null);
INSERT INTO m_users (id, login, password, created, changed, is_deleted) VALUES (29, 'Bodofet', '$2a$10$URX1UjIpAcIlUj2STal3wOH1eU70jFrq3RBrUgn4EHFuwwJkCJFSu', '2020-04-08 11:42:45.122000', '2020-04-08 11:42:45.122000', false);
INSERT INTO m_users (id, login, password, created, changed, is_deleted) VALUES (30, 'Booduu', '$2a$10$i00W/zCjAKJpC5Lg6uFQhuzugDN7NeVFLFgiYbmCi2knnB5pL/Lh6', '2020-04-08 11:50:14.973000', '2020-04-08 11:50:14.973000', false);
INSERT INTO m_users (id, login, password, created, changed, is_deleted) VALUES (31, 'Boodde', '$2a$10$fxDMJCPpdpz01CQKDyyk1O218MT4e0/yGH/zQ898052hoc0RCftq2', '2020-04-08 11:52:59.419000', '2020-04-08 11:52:59.419000', false);
INSERT INTO m_orders (id, user_id, address_id, time, phone_number, is_done) VALUES (1, 30, 1, '2020-03-03 18:41:09.996000', '+375299480900', true);
INSERT INTO m_roles (id, user_id, role) VALUES (12, 29, 'ROLE_USER');
INSERT INTO m_roles (id, user_id, role) VALUES (13, 31, 'ROLE_USER');
INSERT INTO m_roles (id, user_id, role) VALUES (14, 30, 'ROLE_USER');
INSERT INTO m_roles (id, user_id, role) VALUES (11, 30, 'ROLE_ADMIN');
INSERT INTO order_goods (id, order_id, good_id, count) VALUES (1, 1, 1, 2);